{"accuracy": [0.004255089908838272, 0.004899370484054089, 0.006017168052494526, 0.006706248968839645, 0.0072837108746171, 0.007547731511294842, 0.008045545779168606, 0.008078370243310928, 0.008148311637341976, 0.008695335127413273, 0.009204656817018986, 0.009220529347658157, 0.00935382954776287, 0.009491481818258762, 0.00945745874196291, 0.009636648930609226, 0.010027959942817688, 0.009222245775163174, 0.009327162057161331, 0.009743514470756054, 0.009970097802579403, 0.010120543651282787, 0.010066000744700432, 0.010148235596716404, 0.009934191592037678, 0.009998038411140442, 0.010370032861828804, 0.009684148244559765, 0.009736951440572739, 0.010195637121796608, 0.010484224185347557, 0.010695825330913067, 0.010762297548353672, 0.010876855812966824, 0.01081150770187378, 0.011013906449079514, 0.010708846151828766, 0.010150122456252575, 0.011097910813987255, 0.011091665364801884, 0.011199050582945347, 0.011319344863295555, 0.0113149369135499, 0.01135752908885479, 0.011079661548137665, 0.01149179320782423, 0.011532917618751526, 0.01162937842309475, 0.011555365286767483, 0.011559497565031052], "binary_iou": [0.2540091872215271, 0.351577490568161, 0.47253066301345825, 0.5446487069129944, 0.5955445766448975, 0.6255338191986084, 0.6647651791572571, 0.6728905439376831, 0.6811257600784302, 0.7144614458084106, 0.7338337898254395, 0.7358415722846985, 0.7450470328330994, 0.7571766376495361, 0.7546364068984985, 0.7628876566886902, 0.7867558002471924, 0.7421002388000488, 0.7665224075317383, 0.7868829369544983, 0.796447217464447, 0.8050230145454407, 0.7959747314453125, 0.8098686337471008, 0.7940767407417297, 0.8144503235816956, 0.8280451893806458, 0.7916997671127319, 0.8127872943878174, 0.8153495192527771, 0.832201361656189, 0.8383551836013794, 0.8417530655860901, 0.8442185521125793, 0.8353263735771179, 0.8453877568244934, 0.8170902132987976, 0.7986707091331482, 0.8470121622085571, 0.8404978513717651, 0.8471886515617371, 0.8550866842269897, 0.85700923204422, 0.8597182631492615, 0.8391112089157104, 0.866606593132019, 0.8669793605804443, 0.8744984865188599, 0.8672651648521423, 0.8662859201431274], "f1_macro": [0.34603196382522583, 0.4969436228275299, 0.6191504597663879, 0.6806588172912598, 0.7233403325080872, 0.7474986910820007, 0.7756476402282715, 0.786293089389801, 0.7869728207588196, 0.815783679485321, 0.832510769367218, 0.8308308720588684, 0.8395634889602661, 0.8475272059440613, 0.8433183431625366, 0.8531672358512878, 0.8703847527503967, 0.8373109102249146, 0.8564861416816711, 0.8703193664550781, 0.8749736547470093, 0.8820922374725342, 0.875255823135376, 0.8853787183761597, 0.8729521632194519, 0.8901790380477905, 0.8986470699310303, 0.8701687455177307, 0.88877272605896, 0.8887172937393188, 0.902035117149353, 0.9060969352722168, 0.9082279801368713, 0.909374475479126, 0.903043270111084, 0.9103637933731079, 0.8905371427536011, 0.8785712122917175, 0.912006139755249, 0.9069118499755859, 0.9123101234436035, 0.9172592759132385, 0.9181419610977173, 0.9201123118400574, 0.9055232405662537, 0.9238424897193909, 0.9245094060897827, 0.9289349317550659, 0.9241478443145752, 0.9230222105979919], "f1_micro": [0.34603196382522583, 0.4969436228275299, 0.6191504597663879, 0.6806588172912598, 0.7233403325080872, 0.7474986910820007, 0.7756476402282715, 0.786293089389801, 0.7869728207588196, 0.815783679485321, 0.832510769367218, 0.8308308720588684, 0.8395634889602661, 0.8475272059440613, 0.8433183431625366, 0.8531672358512878, 0.8703847527503967, 0.8373109102249146, 0.8564861416816711, 0.8703193664550781, 0.8749736547470093, 0.8820922374725342, 0.875255823135376, 0.8853787183761597, 0.8729521632194519, 0.8901790380477905, 0.8986470699310303, 0.8701687455177307, 0.88877272605896, 0.8887172937393188, 0.902035117149353, 0.9060969352722168, 0.9082279801368713, 0.909374475479126, 0.903043270111084, 0.9103637933731079, 0.8905371427536011, 0.8785712122917175, 0.912006139755249, 0.9069118499755859, 0.9123101234436035, 0.9172592759132385, 0.9181419610977173, 0.9201123118400574, 0.9055232405662537, 0.9238424897193909, 0.9245094060897827, 0.9289349317550659, 0.9241478443145752, 0.9230222105979919], "iou": [0.2198900282382965, 0.3103105425834656, 0.40599173307418823, 0.4651181101799011, 0.5110926628112793, 0.5328158140182495, 0.5708401799201965, 0.5741480588912964, 0.5793341994285583, 0.6190330982208252, 0.655646800994873, 0.6557053923606873, 0.6681506037712097, 0.6779395937919617, 0.674275279045105, 0.6896443963050842, 0.717775285243988, 0.6573718786239624, 0.6701015830039978, 0.699804961681366, 0.7148905992507935, 0.7270886898040771, 0.7227040529251099, 0.7303146123886108, 0.7134762406349182, 0.7216891646385193, 0.7483199238777161, 0.6962689757347107, 0.7039505839347839, 0.733817458152771, 0.7558132410049438, 0.770841121673584, 0.7760376930236816, 0.7834024429321289, 0.7763833403587341, 0.7923030853271484, 0.7658947110176086, 0.7278448939323425, 0.7981723546981812, 0.795906662940979, 0.8046802878379822, 0.8137394785881042, 0.8141800761222839, 0.8173930048942566, 0.7948680520057678, 0.827404260635376, 0.8296571969985962, 0.8381125926971436, 0.83177250623703, 0.8310863375663757], "loss": [0.8108499050140381, 0.6569244265556335, 0.5370993614196777, 0.4676716923713684, 0.41755208373069763, 0.3888684809207916, 0.3530479967594147, 0.34177154302597046, 0.3381499648094177, 0.30163878202438354, 0.27923300862312317, 0.2806231379508972, 0.2681669294834137, 0.2574464678764343, 0.2624170780181885, 0.24918265640735626, 0.22394046187400818, 0.2702632546424866, 0.24399474263191223, 0.2241315096616745, 0.2160654217004776, 0.2058408260345459, 0.21629662811756134, 0.2011977881193161, 0.21965570747852325, 0.1937602162361145, 0.18022534251213074, 0.2211250513792038, 0.19594544172286987, 0.19502463936805725, 0.17487378418445587, 0.16813603043556213, 0.1645880937576294, 0.16256700456142426, 0.1730998307466507, 0.1609165221452713, 0.19187048077583313, 0.2096775323152542, 0.15844817459583282, 0.16593164205551147, 0.15762102603912354, 0.14940795302391052, 0.14792358875274658, 0.14482495188713074, 0.16804060339927673, 0.13843949139118195, 0.13723967969417572, 0.12969866394996643, 0.13786087930202484, 0.13958294689655304], "mean_iou": [0.36425071954727173, 0.4498082995414734, 0.5228036642074585, 0.5673260688781738, 0.6013463735580444, 0.6176419258117676, 0.6458804607391357, 0.6484825015068054, 0.6523367166519165, 0.6819606423377991, 0.7096773982048035, 0.7095746397972107, 0.7194828987121582, 0.7269949913024902, 0.7240166664123535, 0.7361965775489807, 0.7581378817558289, 0.711057186126709, 0.7214856147766113, 0.7443801164627075, 0.75601726770401, 0.7657586336135864, 0.7622553110122681, 0.7684358358383179, 0.7550413608551025, 0.7618841528892517, 0.7829192280769348, 0.7417216300964355, 0.7481483817100525, 0.7712128162384033, 0.788826584815979, 0.8008753061294556, 0.805108904838562, 0.8110007643699646, 0.8051037192344666, 0.8181701898574829, 0.796345591545105, 0.766207218170166, 0.8229589462280273, 0.820954442024231, 0.8282442092895508, 0.8357526063919067, 0.8361738920211792, 0.8388460874557495, 0.8200893402099609, 0.847196102142334, 0.8490282297134399, 0.8562109470367432, 0.8508338928222656, 0.8501974940299988],